amount,receiveAddress,txid
75000,0xE8e59318756F1D267AaaD61ffdA182D48Abcd2e8,0xf8dfdfe2736e51650ed53b1bf4218148f67efcebcaaf1b592039a9b900f536bc
25000,0xb7dFEC6aAD16F30367B7E498e8bd2cC0Df21A429,0xf863ae586f5e0869ddf4bb9d4898c71c48b5871d67698ae2a66a3dbdebcdf4ad
20000,0xc1E8a91196B0E7612d0949E50bF999fE32EeC7B3,0xfa78fcf46b4d44c650e2ab997c57cc123e860b8f5e16a36a482d89b0b3b52d09
20000,0xa235400E0421e6ae5Fd2af5d000221fA3E029E4a,0x6b8afc7bda6bd65e3fe02cee9c06427aefe9bc71bebc15a4b0ffb4400926aa2e
10000,0xCa9061Ae96f2728259E328AEda513270532FC43d,0xd6afc06362ea086f98018e0436a97e159df382f5c31700e64db04d5f55a54bfc
2000,0xe9e7cea3dedca5984780bafc599bd69add087d56,0x7c9c15aa28f62d5ba335969b200e246d880a7f1789764950ea5d7d8dc0eb4bbc
10000,0x637E21Ac11F0E0Cf95D926d6bd2737b059A2858a,0x59f7c98683fa321ac8209eab6eb61d31b3b3bd0e6df5893c6c6f4a72c812ff0c
7000,0x4553eD5d8d3731E629f67BD86abd021175F31848,0xda5db5e650a0c21a16678ef521695834d0dcd1d05703e9884ebaece7a5b46f7e
5000,0x63eE555F1fea9798f09069b4830CbaA7E6E251c2,0x50116fc766ec66fdf7d000ce72b998184e536e9631b 601225e646ee150394335
10000,0xfCA9cafA1302C99BC4b7E8B594BbC2b3eeeA6106,0x3a48141cdb561bb0f316e1df9ac442a87ed496a8e40cbcac47600b0194c07d7b
2000,0x9349284Cc71056d28885c18036ea9bCBc2436959,0x30dd53db4170544ea6cdf1a20b1d5dce281f8e1c65f7ac8313e2084c6678baa5
3000,0x11EfF19DC599ee676b6D65bae0A60479a87e889A,0x1f4cf722a813bbfdf4a5a3f907a3c2133cb0db4202f1387f95a643463d103a7f
1500,0xa68CD06976cfc9Af01dD659907518A1FB6c1a797,0xE2B41D2A3934D1D81A7F49F8003AA97253F76A9E90E807588BDB5927A7DE4A93
2500,0x81DC6F15eE72F6E6d49CB6Ca44C0Bf8E63770027,0xc24112f4ad1a818df7dd297d2b19827db06557508f63ce97cefbc9aa883ac6a1
3000,0xbC627254fa9e73117cb70E1D4Eed610Ba0a9DE0D,0xb9d0cff73ecf08fca291fddde5db9240d3baa6e2b48f882e17e3450f31431238
10000,0x50899582199c06d5264edDCD12879E5210783Ba8,0x508cac26777773311f7956c4e9b6cd0656059fda8e9ee7e328a951f6dcf24f1a
2500,0x85B2b25BCb79A4945c1d7ad5e773f4af5b7167c3,0x047fd39309d42eeb78886b9c1add3602572748fa35e4275f35fbc33589f65661
3000,0xb8a0089D6e9410B5bd48a7F3f4f5021e50023248,0x7afd6227df2cc234234235fc51c3c8e7582ee54f9004efae00b3af17615ee033
3000,0xFD5D6417fdcF02f0627aaFa9e594A67D4485642d,0x96270570d3c30b5af381fffda02f52347507d8945e89056eca6142099fbeb996
20000,0x2dB588801E5Bb2159230670b508314b233ae7Ee8,0x4320ecc813489a738b5f94d947539cdccff2bd8f1b73 8f3e51b004e306c9d75a
20000,0x8c4209A00682164F1b1fFFe7D11895a4beC45855,0xfbfe7d141ab5784ea8b154581ab1f3513541f362020292097bacdcca123a26e2
15000,0xd1FF06D46dC35FB7760FEcf3De193d7F978bB5e3,0x8fde6d79c6748e5ac62c07332c673d1be926417defa0d4e7377eba51065bc776
20000,0x94C840ff0DB97bCbD4058AbeD14Ba3721831b622,0x5fb188ad1c698c617636b1e3324d4a8f8fa5464cef3fea5ad71329d0bbd62132
20000,0x6d16749cEfb3892A101631279A8fe7369A281D0E,0xe5255a17c3e2b9e2b7ecfe5b18833f61686ad7c0c9de7f3e8cd8ca22c5a9da92
10000,0x93774B153f8514D26f22Af5059015E645fd12640,0x2370116d5a6671cdb00568ace086f40d0de579c53addbedc2167fbc1dda3dd98
20000,0xd4cE1744799B189c7A19A3D3cE0AAC8DE60F781b,0xa2da42a012a854e55fc779786d5eb70635ec60d27f172a2c25173aec667f85e2
20000,0xfAb069c2CDB92B1c61A643e6265843204Bc2Bba6,0xfad5f9c9f68f269bc87abfcba1867add443d0eed084a04efaab6ccb170a9539a
10000,0x6D9A4667e14783282517D0E3EbECf29da808c6de,0xf2b8972d690780b3299cf919ec918a732de651c4ad9 2cacdd4c4f4215d47f143
10000,0xB6b49986253f9234D2526cd5F8e94Ceb4Ae62D25,0xf15d3794bbca06302e193e3d39989ff28fa4ab927c715e169d3f8286b3bb3a9a
20000,0xfDB3519f49149ffBd787927cd09792eeacCdd56C,0xb7d06489306ea2d61d54158e1a7bb0162b870649d3b15c332b0823281e68fdd1
10000,0xA786Ce97d25Ba99DbBBd3B248fFe47248C548491,0xda400109d72dbeea75cc6145840fb2ad13d567584a90bc3664cebdbdd951fad9
15000,0xa1Eaccdf7AAc2aa5F3C11363bc4dB688eE6EC2C6,0x9fc9f73b9a76102be523285baa66971e230e976035df4e0fb781653f9ef8a2a3
10000,0x3c8972bA9D1Ba82acf390ab6e7fCC29dD3a7c53E,0x6ef4ccce705390843521192b54608e6273cf021100e3f400a74f751eeafbd26b
20000,0xE7521950426479d525381940604D27aeC12FE97a,0x0837800b0705f249e5349bfd289802ea8b739e1f733d eaed1e1fae00f3b057bf
20000,0x4a5BB1c9347A0d4F7e06a29239162f03647d9232,0x9cdc83e35f7e79e5b4208843ae87559d126a066b716a634280b918468c2da55e